,Unnamed: 0.33,Unnamed: 0.32,Unnamed: 0.31,Unnamed: 0.30,Unnamed: 0.29,Unnamed: 0.28,Unnamed: 0.27,Unnamed: 0.26,Unnamed: 0.25,Unnamed: 0.24,Unnamed: 0.23,Unnamed: 0.22,Unnamed: 0.21,Unnamed: 0.20,Unnamed: 0.19,Unnamed: 0.18,Unnamed: 0.17,Unnamed: 0.16,Unnamed: 0.15,Unnamed: 0.14,Unnamed: 0.13,Unnamed: 0.12,Unnamed: 0.11,Unnamed: 0.10,Unnamed: 0.9,Unnamed: 0.8,Unnamed: 0.7,Unnamed: 0.6,Unnamed: 0.5,Unnamed: 0.4,Unnamed: 0.3,Unnamed: 0.2,Unnamed: 0.1,Unnamed: 0,Model,Parameters,Accuracy,Precision,Recall,F1 Score,AUC,Best params
0,0,0,0,0,0,0,0,0,0,0,0,0,0,0,0,0,0,0,0,0,0,0,0,0,0,0,0,0,0,0,0,0,0,0,LR,"{'imputer': KNNImputer(), 'smote': SMOTE(random_state=42), 'lr': LogisticRegression(class_weight={0: 0.5064681179707486, 1: 39.151119402985074},
                   max_iter=1000, random_state=42, solver='saga')}",0.824327329,0.02833226,0.382608696,0.052757794,0.606328562,"{'imputer__n_neighbors': 7, 'lr__C': 0.001, 'lr__penalty': 'l1', 'smote__sampling_strategy': 'not minority'}"
1,1,1,1,1,1,1,1,1,1,1,1,1,1,1,1,1,1,1,1,1,1,1,1,1,1,1,1,1,1,1,1,1,1,1,GBM,,0.938881664,0.111111111,0.416666667,0.175438596,0.681913254,"{'classifier__learning_rate': 0.01, 'classifier__max_depth': 5, 'classifier__n_estimators': 300}"
2,2,2,2,2,2,2,2,2,2,2,2,2,2,2,2,2,2,2,2,2,2,2,2,2,2,2,2,2,2,2,2,2,2,2,QDA,"{'resample': TomekLinks(sampling_strategy='majority'), 'classifier': LGBMClassifier(class_weight={0: 0.5079260237780714, 1: 32.041666666666664},
               random_state=42)}",0.987213698,0,0,0,0.5,"{'imputer__n_neighbors': 3, 'qda__reg_param': 2.3299518105153814}"
3,3,3,3,3,3,3,3,3,3,3,3,3,3,3,3,3,3,3,3,3,3,3,3,3,3,3,3,3,3,3,3,3,3,3,ADA,"{'imputer': KNNImputer(), 'smote': SMOTE(random_state=42), 'classifier': AdaBoostClassifier()}",0.959687906,0.164705882,0.388888889,0.231404959,0.678812564,"{'classifier__algorithm': 'SAMME', 'classifier__learning_rate': 1, 'classifier__n_estimators': 100, 'imputer__n_neighbors': 3, 'smote__sampling_strategy': 'minority'}"
4,4,4,4,4,4,4,4,4,4,4,4,4,4,4,4,4,4,4,4,4,4,4,4,4,4,4,4,4,4,4,4,4,4,,LR,"{'imputer': KNNImputer(), 'smote': SMOTE(random_state=42), 'ada': ADASYN(), 'lr': LogisticRegression(class_weight={0: 0.5064681179707486, 1: 39.151119402985074},
                   max_iter=1000, random_state=42, solver='saga')}",0.049032688,0.013042475,0.982608696,0.025743251,0.509774896,"{'imputer__n_neighbors': 3, 'lr__C': 1, 'lr__penalty': 'l1', 'smote__sampling_strategy': 'not minority'}"
5,5,5,5,5,5,5,5,5,5,5,5,5,5,5,5,5,5,5,5,5,5,5,5,5,5,5,5,5,5,5,5,5,5,,GBM,,0.972691808,0.2,0.25,0.222222222,0.617073976,"{'classifier__learning_rate': 0.1, 'classifier__max_depth': 3, 'classifier__n_estimators': 300, 'imputer__n_neighbors': 7}"
6,6,6,6,6,6,6,6,6,6,6,6,6,6,6,6,6,6,6,6,6,6,6,6,6,6,6,6,6,6,6,6,6,6,,QDA,"{'imputer': KNNImputer(), 'ada': ADASYN(), 'classifier': LGBMClassifier(class_weight={0: 0.5079260237780714, 1: 32.041666666666664},
               random_state=42)}",0.967645097,0.123931624,0.252173913,0.166189112,0.614542864,"{'imputer__n_neighbors': 7, 'qda__reg_param': 0.02976351441631313}"
7,7,7,7,7,7,7,7,7,7,7,7,7,7,7,7,7,7,7,7,7,7,7,7,7,7,7,7,7,7,7,7,7,7,,ADA,"{'imputer': KNNImputer(), 'smote': SMOTE(random_state=42), 'classifier': AdaBoostClassifier()}",0.959687906,0.164705882,0.388888889,0.231404959,0.678812564,"{'classifier__algorithm': 'SAMME', 'classifier__learning_rate': 1, 'classifier__n_estimators': 100, 'imputer__n_neighbors': 3, 'smote__sampling_strategy': 'minority'}"
8,8,8,8,8,8,8,8,8,8,8,8,8,8,8,8,8,8,8,8,8,8,8,8,8,8,8,8,8,8,8,8,8,,,LR,"{'imputer': KNNImputer(), 'ada': ADASYN(), 'lr': LogisticRegression(class_weight={0: 0.5064681179707486, 1: 39.151119402985074},
                   max_iter=1000, random_state=42, solver='saga')}",0.414276184,0.014142938,0.652173913,0.027685493,0.531684434,"{'imputer__n_neighbors': 5, 'lr__C': 1, 'lr__penalty': 'l1'}"
9,9,9,9,9,9,9,9,9,9,9,9,9,9,9,9,9,9,9,9,9,9,9,9,9,9,9,9,9,9,9,9,9,,,GBM,"{'imputer': KNNImputer(), 'ada': ADASYN(), 'classifier': LGBMClassifier(class_weight={0: 0.5079260237780714, 1: 32.041666666666664},
               random_state=42)}",0.921109666,0.10326087,0.527777778,0.172727273,0.72756128,"{'classifier__learning_rate': 0.1, 'classifier__max_depth': 3, 'classifier__n_estimators': 100, 'imputer__n_neighbors': 5}"
10,10,10,10,10,10,10,10,10,10,10,10,10,10,10,10,10,10,10,10,10,10,10,10,10,10,10,10,10,10,10,10,10,,,QDA,"{'imputer': KNNImputer(), 'ada': ADASYN(), 'classifier': LGBMClassifier(class_weight={0: 0.5079260237780714, 1: 32.041666666666664},
               random_state=42)}",0.968201023,0.12987013,0.260869565,0.173410405,0.61911594,"{'imputer__n_neighbors': 7, 'qda__reg_param': 0.02976351441631313}"
11,11,11,11,11,11,11,11,11,11,11,11,11,11,11,11,11,11,11,11,11,11,11,11,11,11,11,11,11,11,11,11,11,,,ADA,"{'imputer': KNNImputer(), 'ada': ADASYN(), 'classifier': AdaBoostClassifier()}",0.956653663,0.166666667,0.444444444,0.242424242,0.704608836,"{'classifier__algorithm': 'SAMME.R', 'classifier__learning_rate': 0.1, 'classifier__n_estimators': 300, 'imputer__n_neighbors': 7}"
12,12,12,12,12,12,12,12,12,12,12,12,12,12,12,12,12,12,12,12,12,12,12,12,12,12,12,12,12,12,12,12,,,,LR,"{'imputer': KNNImputer(), 'ada': ADASYN(), 'lr': LogisticRegression(class_weight={0: 0.5064681179707486, 1: 39.151119402985074},
                   max_iter=1000, random_state=42, solver='saga')}",0.059928841,0.013191688,0.982608696,0.026033867,0.515293536,"{'imputer__n_neighbors': 7, 'lr__C': 0.001, 'lr__penalty': 'l1'}"
13,13,13,13,13,13,13,13,13,13,13,13,13,13,13,13,13,13,13,13,13,13,13,13,13,13,13,13,13,13,13,13,,,,GBM,"{'imputer': KNNImputer(), 'ada': ADASYN(), 'classifier': LGBMClassifier(class_weight={0: 0.5079260237780714, 1: 32.041666666666664},
               random_state=42)}",0.967056784,0.1875,0.333333333,0.24,0.655217966,"{'classifier__learning_rate': 0.1, 'classifier__max_depth': 5, 'classifier__n_estimators': 100, 'imputer__n_neighbors': 5}"
14,14,14,14,14,14,14,14,14,14,14,14,14,14,14,14,14,14,14,14,14,14,14,14,14,14,14,14,14,14,14,14,,,,QDA,"{'imputer': KNNImputer(), 'ada': ADASYN(), 'classifier': LGBMClassifier(class_weight={0: 0.5079260237780714, 1: 32.041666666666664},
               random_state=42)}",0.954080498,0.101604278,0.330434783,0.155419223,0.646296342,"{'imputer__n_neighbors': 3, 'qda__reg_param': 0.02976351441631313}"
15,15,15,15,15,15,15,15,15,15,15,15,15,15,15,15,15,15,15,15,15,15,15,15,15,15,15,15,15,15,15,15,,,,ADA,"{'imputer': KNNImputer(), 'ada': ADASYN(), 'classifier': AdaBoostClassifier()}",0.973125271,0.229166667,0.305555556,0.261904762,0.644631587,"{'classifier__algorithm': 'SAMME', 'classifier__learning_rate': 1, 'classifier__n_estimators': 300, 'imputer__n_neighbors': 5}"
16,16,16,16,16,16,16,16,16,16,16,16,16,16,16,16,16,16,16,16,16,16,16,16,16,16,16,16,16,16,16,,,,,LR,"{'imputer': KNNImputer(), 'smote': SMOTE(random_state=42), 'lr': LogisticRegression(class_weight={0: 0.5064681179707486, 1: 39.151119402985074},
                   max_iter=1000, random_state=42, solver='saga')}",0.123637981,0.013894104,0.965217391,0.02739388,0.538977656,"{'imputer__n_neighbors': 3, 'lr__C': 0.001, 'lr__penalty': 'l2', 'smote__sampling_strategy': 'not minority'}"
17,17,17,17,17,17,17,17,17,17,17,17,17,17,17,17,17,17,17,17,17,17,17,17,17,17,17,17,17,17,17,,,,,GBM,"{'imputer': KNNImputer(), 'smote': SMOTE(random_state=42), 'classifier': LGBMClassifier(class_weight={0: 0.5079260237780714, 1: 32.041666666666664},
               random_state=42)}",0.96532293,0.15625,0.277777778,0.2,0.626999853,"{'classifier__learning_rate': 0.1, 'classifier__max_depth': 5, 'classifier__n_estimators': 100, 'imputer__n_neighbors': 3, 'smote__sampling_strategy': 'minority'}"
18,18,18,18,18,18,18,18,18,18,18,18,18,18,18,18,18,18,18,18,18,18,18,18,18,18,18,18,18,18,18,,,,,QDA,"{'imputer': KNNImputer(), 'smote': SMOTE(random_state=42), 'classifier': LGBMClassifier(class_weight={0: 0.5079260237780714, 1: 32.041666666666664},
               random_state=42)}",0.987213698,0,0,0,0.5,"{'imputer__n_neighbors': 3, 'qda__reg_param': 5.455594781168514}"
19,19,19,19,19,19,19,19,19,19,19,19,19,19,19,19,19,19,19,19,19,19,19,19,19,19,19,19,19,19,19,,,,,ADA,"{'imputer': KNNImputer(), 'smote': SMOTE(random_state=42), 'classifier': AdaBoostClassifier()}",0.976159515,0.193548387,0.166666667,0.179104478,0.57782915,"{'classifier__algorithm': 'SAMME', 'classifier__learning_rate': 1, 'classifier__n_estimators': 500, 'imputer__n_neighbors': 3, 'smote__sampling_strategy': 'minority'}"
20,20,20,20,20,20,20,20,20,20,20,20,20,20,20,20,20,20,20,20,20,20,20,20,20,20,20,20,20,20,20,,,,,GBM,"{'classifier': LGBMClassifier(class_weight={0: 0.5079260237780714, 1: 32.041666666666664},
               random_state=42)}",0.895101864,0.088,0.611111111,0.153846154,0.755357405,"{'classifier__learning_rate': 0.01, 'classifier__max_depth': 3, 'classifier__n_estimators': 300}"
21,21,21,21,21,21,21,21,21,21,21,21,21,21,21,21,21,21,21,21,21,21,21,21,21,21,21,21,21,21,,,,,,LR,"{'imputer': KNNImputer(), 'lr': LogisticRegression(random_state=42)}",0.987213698,0,0,0,0.5,{}
22,22,22,22,22,22,22,22,22,22,22,22,22,22,22,22,22,22,22,22,22,22,22,22,22,22,22,22,22,22,,,,,,GBM,{'classifier': LGBMClassifier(random_state=42)},0.983528392,0.333333333,0.055555556,0.095238095,0.526897108,{}
23,23,23,23,23,23,23,23,23,23,23,23,23,23,23,23,23,23,23,23,23,23,23,23,23,23,23,23,23,23,,,,,,ADA,{'classifier': AdaBoostClassifier()},0.983961855,0.454545455,0.138888889,0.212765957,0.56812344,{}
24,24,24,24,24,24,24,24,24,24,24,24,24,24,24,24,24,24,24,24,24,24,24,24,24,24,24,24,24,,,,,,,LR,"{'imputer': KNNImputer(), 'lr': LogisticRegression(random_state=42)}",0.987213698,0,0,0,0.5,{}
25,25,25,25,25,25,25,25,25,25,25,25,25,25,25,25,25,25,25,25,25,25,25,25,25,25,25,25,25,,,,,,,GBM,{'classifier': LGBMClassifier(random_state=42)},0.983961855,0.333333333,0.027777778,0.051282051,0.513448554,"{'classifier__learning_rate': 0.01, 'classifier__max_depth': 5, 'classifier__n_estimators': 300}"
26,26,26,26,26,26,26,26,26,26,26,26,26,26,26,26,26,26,26,26,26,26,26,26,26,26,26,26,,,,,,,,LR,"{'imputer': KNNImputer(), 'ada': ADASYN(), 'lr': LogisticRegression(class_weight={0: 0.5064681179707486, 1: 39.151119402985074},
                   max_iter=2000, random_state=42, solver='saga')}",0.205025573,0.014224555,0.895652174,0.02800435,0.545866407,"{'imputer__n_neighbors': 5, 'lr__C': 1, 'lr__penalty': 'l1'}"
27,27,27,27,27,27,27,27,27,27,27,27,27,27,27,27,27,27,27,27,27,27,27,27,27,27,27,,,,,,,,,LR,"{'imputer': KNNImputer(), 'ada': ADASYN(), 'lr': LogisticRegression(class_weight={0: 0.5064681179707486, 1: 39.151119402985074},
                   max_iter=5000, random_state=42, solver='saga')}",0.055481432,0.013130374,0.982608696,0.025914459,0.51304103,"{'imputer__n_neighbors': 5, 'lr__C': 1, 'lr__penalty': 'l1'}"
28,28,28,28,28,28,28,28,28,28,28,28,28,28,28,28,28,28,28,28,28,28,28,28,28,28,28,,,,,,,,,GBM,"{'imputer': KNNImputer(), 'ada': ADASYN(), 'classifier': LGBMClassifier(random_state=42)}",0.972258344,0.208333333,0.277777778,0.238095238,0.63052253,"{'classifier__learning_rate': 0.1, 'classifier__max_depth': 3, 'classifier__n_estimators': 100, 'imputer__n_neighbors': 5}"
29,29,29,29,29,29,29,29,29,29,29,29,29,29,29,29,29,29,29,29,29,29,29,29,29,29,29,,,,,,,,,QDA,"{'imputer': KNNImputer(), 'ada': ADASYN(), 'qda': QuadraticDiscriminantAnalysis()}",0.93818101,0.083175803,0.382608696,0.136645963,0.663992714,"{'imputer__n_neighbors': 3, 'qda__reg_param': 0.0030702906297578624}"
30,30,30,30,30,30,30,30,30,30,30,30,30,30,30,30,30,30,30,30,30,30,30,30,30,30,,,,,,,,,,LR,"{'imputer': KNNImputer(), 'smote': SMOTE(random_state=42), 'lr': LogisticRegression(class_weight={0: 0.6032599321566148, 1: 2.9210746102449887},
                   max_iter=5000, random_state=42, solver='saga')}",0.623082055,0.262088477,0.661688312,0.375460575,0.638397148,"{'imputer__n_neighbors': 3, 'lr__C': 0.001, 'lr__penalty': 'l1', 'smote__sampling_strategy': 'not minority'}"
31,31,31,31,31,31,31,31,31,31,31,31,31,31,31,31,31,31,31,31,31,31,31,31,31,31,,,,,,,,,,GBM,"{'imputer': KNNImputer(), 'smote': SMOTE(random_state=42), 'classifier': LGBMClassifier(class_weight={0: 0.6582293959403277, 1: 2.079984544049459},
               random_state=42)}",0.784568704,0.539189189,0.718918919,0.616216216,0.762142108,"{'classifier__learning_rate': 0.01, 'classifier__max_depth': 20, 'classifier__n_estimators': 400}"
32,32,32,32,32,32,32,32,32,32,32,32,32,32,32,32,32,32,32,32,32,32,32,32,32,,,,,,,,,,,LR,"{'imputer': KNNImputer(), 'smote': SMOTE(random_state=42), 'lr': LogisticRegression(class_weight={0: 0.6032599321566148, 1: 2.9210746102449887},
                   max_iter=5000, random_state=42, solver='saga')}",0.623082055,0.262088477,0.661688312,0.375460575,0.638397148,"{'imputer__n_neighbors': 3, 'lr__C': 0.001, 'lr__penalty': 'l1', 'smote__sampling_strategy': 'not minority'}"
33,33,33,33,33,33,33,33,33,33,33,33,33,33,33,33,33,33,33,33,33,33,33,33,33,,,,,,,,,,,GBM,"{'imputer': KNNImputer(), 'smote': SMOTE(random_state=42), 'classifier': LGBMClassifier(class_weight={0: 0.6582293959403277, 1: 2.079984544049459},
               random_state=42)}",0.784568704,0.539189189,0.718918919,0.616216216,0.762142108,"{'classifier__learning_rate': 0.01, 'classifier__max_depth': 20, 'classifier__n_estimators': 400}"
34,34,34,34,34,34,34,34,34,34,34,34,34,34,34,34,34,34,34,34,34,34,34,34,34,,,,,,,,,,,QDA,"{'imputer': KNNImputer(), 'ada': ADASYN(), 'qda': QuadraticDiscriminantAnalysis()}",0.85534801,0.657444005,0.324025974,0.434101783,0.644572687,"{'imputer__n_neighbors': 3, 'qda__reg_param': 0.774263682681127}"
35,35,35,35,35,35,35,35,35,35,35,35,35,35,35,35,35,35,35,35,35,35,35,35,,,,,,,,,,,,LR,"{'imputer': KNNImputer(), 'ada': ADASYN(), 'lr': LogisticRegression(class_weight={0: 0.5138093139415307, 1: 18.60372340425532},
                   max_iter=5000, random_state=42, solver='saga')}",0.055814988,0.027707809,1,0.053921569,0.514853748,"{'imputer__n_neighbors': 7, 'lr__C': 0.001, 'lr__penalty': 'l2'}"
36,36,36,36,36,36,36,36,36,36,36,36,36,36,36,36,36,36,36,36,36,36,36,36,,,,,,,,,,,,GBM,"{'imputer': KNNImputer(), 'ada': ADASYN(), 'classifier': LGBMClassifier(random_state=42)}",0.866493281,0.14532872,0.40776699,0.214285714,0.647849012,"{'classifier__learning_rate': 0.001, 'classifier__max_depth': 7, 'classifier__n_estimators': 300, 'imputer__n_neighbors': 3}"
37,37,37,37,37,37,37,37,37,37,37,37,37,37,37,37,37,37,37,37,37,37,37,37,,,,,,,,,,,,QDA,"{'imputer': KNNImputer(), 'ada': ADASYN(), 'qda': QuadraticDiscriminantAnalysis()}",0.959750945,0.24137931,0.231404959,0.23628692,0.605647635,"{'imputer__n_neighbors': 5, 'qda__reg_param': 0.4923882631706752}"
38,38,38,38,38,38,38,38,38,38,38,38,38,38,38,38,38,38,38,38,38,38,38,,,,,,,,,,,,,LR,"{'imputer': KNNImputer(), 'smote': SMOTE(random_state=42), 'lr': LogisticRegression(class_weight={0: 0.6032599321566148, 1: 2.9210746102449887},
                   max_iter=5000, random_state=42, solver='saga')}",0.622748499,0.262130937,0.662987013,0.375712971,0.638711108,"{'imputer__n_neighbors': 5, 'lr__C': 0.001, 'lr__penalty': 'l1', 'smote__sampling_strategy': 'not minority'}"
39,39,39,39,39,39,39,39,39,39,39,39,39,39,39,39,39,39,39,39,39,39,39,,,,,,,,,,,,,GBM,"{'imputer': KNNImputer(), 'smote': SMOTE(random_state=42), 'classifier': LGBMClassifier(class_weight={0: 0.6582293959403277, 1: 2.079984544049459},
               random_state=42)}",0.953185956,0.85645933,0.967567568,0.908629442,0.958098852,"{'classifier__learning_rate': 0.1, 'classifier__max_depth': 20, 'classifier__n_estimators': 400, 'imputer__n_neighbors': 3, 'smote__sampling_strategy': 'minority'}"
40,40,40,40,40,40,40,40,40,40,40,40,40,40,40,40,40,40,40,40,40,40,40,,,,,,,,,,,,,QDA,"{'imputer': KNNImputer(), 'ada': ADASYN(), 'qda': QuadraticDiscriminantAnalysis()}",0.90271292,0.75246773,0.643506494,0.693734687,0.799885793,"{'imputer__n_neighbors': 5, 'qda__reg_param': 0.4923882631706752}"
41,41,41,41,41,41,41,41,41,41,41,41,41,41,41,41,41,41,41,41,41,41,,,,,,,,,,,,,,LR,"{'imputer': KNNImputer(), 'smote': SMOTE(random_state=42), 'lr': LogisticRegression(class_weight={0: 0.6032599321566148, 1: 2.9210746102449887},
                   max_iter=5000, random_state=42, solver='saga')}",0.622748499,0.262130937,0.662987013,0.375712971,0.638711108,"{'imputer__n_neighbors': 5, 'lr__C': 0.001, 'lr__penalty': 'l1', 'smote__sampling_strategy': 'not minority'}"
42,42,42,42,42,42,42,42,42,42,42,42,42,42,42,42,42,42,42,42,42,42,,,,,,,,,,,,,,GBM,"{'imputer': KNNImputer(), 'smote': SMOTE(random_state=42), 'classifier': LGBMClassifier(class_weight={0: 0.6582293959403277, 1: 2.079984544049459},
               random_state=42)}",0.953185956,0.85645933,0.967567568,0.908629442,0.958098852,"{'classifier__learning_rate': 0.1, 'classifier__max_depth': 20, 'classifier__n_estimators': 400, 'imputer__n_neighbors': 3, 'smote__sampling_strategy': 'minority'}"
43,43,43,43,43,43,43,43,43,43,43,43,43,43,43,43,43,43,43,43,43,43,,,,,,,,,,,,,,QDA,"{'imputer': KNNImputer(), 'ada': ADASYN(), 'qda': QuadraticDiscriminantAnalysis()}",0.903491216,0.754931715,0.646103896,0.696291113,0.801385729,"{'imputer__n_neighbors': 5, 'qda__reg_param': 0.4923882631706752}"
44,44,44,44,44,44,44,44,44,44,44,44,44,44,44,44,44,44,44,44,44,,,,,,,,,,,,,,,LR,"{'imputer': KNNImputer(), 'smote': SMOTE(random_state=42), 'lr': LogisticRegression(class_weight={0: 0.5138093139415307, 1: 18.60372340425532},
                   max_iter=5000, random_state=42, solver='saga')}",0.688681343,0.041905444,0.483471074,0.077125906,0.588913325,"{'imputer__n_neighbors': 5, 'lr__C': 10, 'lr__penalty': 'l1', 'smote__sampling_strategy': 'not minority'}"
45,45,45,45,45,45,45,45,45,45,45,45,45,45,45,45,45,45,45,45,45,,,,,,,,,,,,,,,GBM,"{'imputer': KNNImputer(), 'smote': SMOTE(random_state=42), 'classifier': LGBMClassifier(random_state=42)}",0.807542263,0.181308411,0.941747573,0.304075235,0.871508995,"{'classifier__learning_rate': 0.002, 'classifier__max_depth': 3, 'classifier__n_estimators': 700, 'imputer__n_neighbors': 3, 'smote__sampling_strategy': 'minority'}"
46,46,46,46,46,46,46,46,46,46,46,46,46,46,46,46,46,46,46,46,46,,,,,,,,,,,,,,,QDA,"{'imputer': KNNImputer(), 'smote': SMOTE(random_state=42), 'qda': QuadraticDiscriminantAnalysis()}",0.954858795,0.237179487,0.305785124,0.267148014,0.63929567,"{'imputer__n_neighbors': 5, 'qda__reg_param': 0.31622776601683794, 'smote__sampling_strategy': 'minority'}"
47,47,47,47,47,47,47,47,47,47,47,47,47,47,47,47,47,47,47,47,,,,,,,,,,,,,,,,LR,"{'imputer': KNNImputer(), 'smote': SMOTE(random_state=42), 'lr': LogisticRegression(class_weight={0: 0.6032599321566148, 1: 2.9210746102449887},
                   max_iter=5000, random_state=42, solver='saga')}",0.622748499,0.262130937,0.662987013,0.375712971,0.638711108,"{'imputer__n_neighbors': 5, 'lr__C': 0.001, 'lr__penalty': 'l1', 'smote__sampling_strategy': 'not minority'}"
48,48,48,48,48,48,48,48,48,48,48,48,48,48,48,48,48,48,48,48,,,,,,,,,,,,,,,,GBM,"{'imputer': KNNImputer(), 'smote': SMOTE(random_state=42), 'classifier': LGBMClassifier(class_weight={0: 0.6582293959403277, 1: 2.079984544049459},
               random_state=42)}",0.953185956,0.85645933,0.967567568,0.908629442,0.958098852,"{'classifier__learning_rate': 0.1, 'classifier__max_depth': 20, 'classifier__n_estimators': 400, 'imputer__n_neighbors': 3, 'smote__sampling_strategy': 'minority'}"
49,49,49,49,49,49,49,49,49,49,49,49,49,49,49,49,49,49,49,49,,,,,,,,,,,,,,,,QDA,"{'imputer': KNNImputer(), 'ada': ADASYN(), 'qda': QuadraticDiscriminantAnalysis()}",0.903602402,0.754731264,0.647402597,0.696959105,0.801968001,"{'imputer__n_neighbors': 5, 'qda__reg_param': 0.4923882631706752}"
50,50,50,50,50,50,50,50,50,50,50,50,50,50,50,50,50,50,50,,,,,,,,,,,,,,,,,LR,"{'imputer': KNNImputer(), 'smote': SMOTE(random_state=42), 'lr': LogisticRegression(class_weight={0: 0.6032599321566148, 1: 2.9210746102449887},
                   max_iter=5000, random_state=42, solver='saga')}",0.622748499,0.262130937,0.662987013,0.375712971,0.638711108,"{'imputer__n_neighbors': 5, 'lr__C': 0.001, 'lr__penalty': 'l1', 'smote__sampling_strategy': 'not minority'}"
51,51,51,51,51,51,51,51,51,51,51,51,51,51,51,51,51,51,51,,,,,,,,,,,,,,,,,GBM,"{'imputer': KNNImputer(), 'smote': SMOTE(random_state=42), 'classifier': LGBMClassifier(class_weight={0: 0.6582293959403277, 1: 2.079984544049459},
               random_state=42)}",0.953185956,0.85645933,0.967567568,0.908629442,0.958098852,"{'classifier__learning_rate': 0.1, 'classifier__max_depth': 20, 'classifier__n_estimators': 400, 'imputer__n_neighbors': 3, 'smote__sampling_strategy': 'minority'}"
52,52,52,52,52,52,52,52,52,52,52,52,52,52,52,52,52,52,,,,,,,,,,,,,,,,,,LR,"{'imputer': KNNImputer(), 'smote': SMOTE(random_state=42), 'lr': LogisticRegression(class_weight={0: 0.6032599321566148, 1: 2.9210746102449887},
                   max_iter=5000, random_state=42, solver='saga')}",0.622748499,0.262130937,0.662987013,0.375712971,0.638711108,"{'imputer__n_neighbors': 5, 'lr__C': 0.001, 'lr__penalty': 'l1', 'smote__sampling_strategy': 'not minority'}"
53,53,53,53,53,53,53,53,53,53,53,53,53,53,53,53,53,53,,,,,,,,,,,,,,,,,,GBM,"{'imputer': KNNImputer(), 'smote': SMOTE(random_state=42), 'classifier': LGBMClassifier(class_weight={0: 0.6582293959403277, 1: 2.079984544049459},
               random_state=42)}",0.953185956,0.85645933,0.967567568,0.908629442,0.958098852,"{'classifier__learning_rate': 0.1, 'classifier__max_depth': 20, 'classifier__n_estimators': 400, 'imputer__n_neighbors': 3, 'smote__sampling_strategy': 'minority'}"
54,54,54,54,54,54,54,54,54,54,54,54,54,54,54,54,54,,,,,,,,,,,,,,,,,,,LR,"{'imputer': KNNImputer(), 'smote': SMOTE(random_state=42), 'lr': LogisticRegression(class_weight={0: 0.6032599321566148, 1: 2.9210746102449887},
                   max_iter=5000, random_state=42, solver='saga')}",0.622859684,0.262320329,0.663636364,0.376011773,0.639035783,"{'imputer__n_neighbors': 5, 'lr__C': 0.001, 'lr__penalty': 'l1', 'smote__sampling_strategy': 'not minority'}"
55,55,55,55,55,55,55,55,55,55,55,55,55,55,55,55,,,,,,,,,,,,,,,,,,,,LR,"{'imputer': KNNImputer(), 'smote': SMOTE(random_state=42), 'lr': LogisticRegression(class_weight={0: 0.6032599321566148, 1: 2.9210746102449887},
                   max_iter=5000, random_state=42, solver='saga')}",0.622859684,0.262320329,0.663636364,0.376011773,0.639035783,"{'imputer__n_neighbors': 5, 'lr__C': 0.001, 'lr__penalty': 'l1', 'smote__sampling_strategy': 'not minority'}"
56,56,56,56,56,56,56,56,56,56,56,56,56,56,56,56,,,,,,,,,,,,,,,,,,,,GBM,"{'imputer': KNNImputer(), 'smote': SMOTE(random_state=42), 'classifier': LGBMClassifier(class_weight={0: 0.6582293959403277, 1: 2.079984544049459},
               random_state=42)}",0.953185956,0.85645933,0.967567568,0.908629442,0.958098852,"{'classifier__learning_rate': 0.1, 'classifier__max_depth': 20, 'classifier__n_estimators': 400, 'imputer__n_neighbors': 3, 'smote__sampling_strategy': 'minority'}"
57,57,57,57,57,57,57,57,57,57,57,57,57,57,57,57,,,,,,,,,,,,,,,,,,,,QDA,"{'imputer': KNNImputer(), 'ada': ADASYN(), 'qda': QuadraticDiscriminantAnalysis()}",0.903046475,0.747774481,0.654545455,0.698060942,0.80446618,"{'imputer__n_neighbors': 5, 'qda__reg_param': 0.4923882631706752}"
58,58,58,58,58,58,58,58,58,58,58,58,58,58,58,,,,,,,,,,,,,,,,,,,,,LR,"{'imputer': KNNImputer(), 'smote': SMOTE(random_state=42), 'lr': LogisticRegression(class_weight={0: 0.5138093139415307, 1: 18.60372340425532},
                   max_iter=5000, random_state=42, solver='saga')}",0.825883923,0.034458509,0.202479339,0.058894231,0.522800456,"{'imputer__n_neighbors': 5, 'lr__C': 0.001, 'lr__penalty': 'l1', 'smote__sampling_strategy': 'not minority'}"
59,59,59,59,59,59,59,59,59,59,59,59,59,59,59,,,,,,,,,,,,,,,,,,,,,GBM,"{'imputer': KNNImputer(), 'smote': SMOTE(random_state=42), 'classifier': LGBMClassifier(random_state=42)}",0.807542263,0.181308411,0.941747573,0.304075235,0.871508995,"{'classifier__learning_rate': 0.002, 'classifier__max_depth': 3, 'classifier__n_estimators': 700, 'imputer__n_neighbors': 3, 'smote__sampling_strategy': 'minority'}"
60,60,60,60,60,60,60,60,60,60,60,60,60,60,60,,,,,,,,,,,,,,,,,,,,,QDA,"{'imputer': KNNImputer(), 'smote': SMOTE(random_state=42), 'qda': QuadraticDiscriminantAnalysis()}",0.596397598,0.042656587,0.652892562,0.080081095,0.623864014,"{'imputer__n_neighbors': 5, 'qda__reg_param': 1.0, 'smote__sampling_strategy': 'minority'}"
61,61,61,61,61,61,61,61,61,61,61,61,61,61,61,,,,,,,,,,,,,,,,,,,,,QDA,"{'imputer': KNNImputer(), 'smote': SMOTE(random_state=42), 'qda': QuadraticDiscriminantAnalysis()}",0.962975317,0.275862069,0.231404959,0.251685393,0.607304399,"{'imputer__n_neighbors': 5, 'qda__reg_param': 0.4923882631706752, 'smote__sampling_strategy': 'minority'}"
62,62,62,62,62,62,62,62,62,62,62,62,62,62,,,,,,,,,,,,,,,,,,,,,,LR,"{'imputer': KNNImputer(), 'smote': SMOTE(random_state=42), 'lr': LogisticRegression(class_weight={0: 0.6032599321566148, 1: 2.9210746102449887},
                   max_iter=5000, random_state=42, solver='saga')}",0.622970869,0.262021085,0.661688312,0.375391416,0.638330069,"{'imputer__n_neighbors': 3, 'lr__C': 0.001, 'lr__penalty': 'l1', 'smote__sampling_strategy': 'not minority'}"
63,63,63,63,63,63,63,63,63,63,63,63,63,63,,,,,,,,,,,,,,,,,,,,,,GBM,"{'imputer': KNNImputer(), 'smote': SMOTE(random_state=42), 'classifier': LGBMClassifier(class_weight={0: 0.6582293959403277, 1: 2.079984544049459},
               random_state=42)}",0.953619419,0.852201258,0.976576577,0.91015953,0.961461804,"{'classifier__learning_rate': 0.1, 'classifier__max_depth': 20, 'classifier__n_estimators': 100, 'imputer__n_neighbors': 3, 'smote__sampling_strategy': 'minority'}"
64,64,64,64,64,64,64,64,64,64,64,64,64,64,,,,,,,,,,,,,,,,,,,,,,QDA,"{'imputer': KNNImputer(), 'smote': SMOTE(sampling_strategy='minority'), 'qda': QuadraticDiscriminantAnalysis()}",0.899599733,0.739293764,0.638961039,0.685475444,0.796204426,"{'imputer__n_neighbors': 5, 'qda__reg_param': 0.4923882631706752}"
65,65,65,65,65,65,65,65,65,65,65,65,65,,,,,,,,,,,,,,,,,,,,,,,LR,"{'imputer': KNNImputer(), 'smote': SMOTE(random_state=42), 'lr': LogisticRegression(class_weight={0: 0.6032599321566148, 1: 2.9210746102449887},
                   max_iter=5000, random_state=42, solver='saga')}",0.622970869,0.262021085,0.661688312,0.375391416,0.638330069,"{'imputer__n_neighbors': 3, 'lr__C': 0.001, 'lr__penalty': 'l1', 'smote__sampling_strategy': 'not minority'}"
66,66,66,66,66,66,66,66,66,66,66,66,,,,,,,,,,,,,,,,,,,,,,,,LR,"{'imputer': KNNImputer(), 'smote': SMOTE(random_state=42), 'lr': LogisticRegression(class_weight={0: 0.6032599321566148, 1: 2.9210746102449887},
                   max_iter=5000, random_state=42, solver='saga')}",0.622970869,0.262021085,0.661688312,0.375391416,0.638330069,"{'imputer__n_neighbors': 3, 'lr__C': 0.001, 'lr__penalty': 'l1', 'smote__sampling_strategy': 'not minority'}"
67,67,67,67,67,67,67,67,67,67,67,67,,,,,,,,,,,,,,,,,,,,,,,,GBM,"{'imputer': KNNImputer(), 'smote': SMOTE(random_state=42), 'classifier': LGBMClassifier(class_weight={0: 0.6582293959403277, 1: 2.079984544049459},
               random_state=42)}",0.953619419,0.852201258,0.976576577,0.91015953,0.961461804,"{'classifier__learning_rate': 0.1, 'classifier__max_depth': 20, 'classifier__n_estimators': 100, 'imputer__n_neighbors': 3, 'smote__sampling_strategy': 'minority'}"
68,68,68,68,68,68,68,68,68,68,68,68,,,,,,,,,,,,,,,,,,,,,,,,QDA,"{'imputer': KNNImputer(), 'smote': SMOTE(sampling_strategy='minority'), 'qda': QuadraticDiscriminantAnalysis()}",0.899266177,0.739064857,0.636363636,0.683879972,0.794972803,"{'imputer__n_neighbors': 5, 'qda__reg_param': 0.4923882631706752}"
69,69,69,69,69,69,69,69,69,69,69,,,,,,,,,,,,,,,,,,,,,,,,,LR,"{'imputer': KNNImputer(), 'smote': SMOTE(random_state=42), 'lr': LogisticRegression(class_weight={0: 0.5138093139415307, 1: 18.60372340425532},
                   max_iter=5000, random_state=42, solver='saga')}",0.825883923,0.034458509,0.202479339,0.058894231,0.522800456,"{'imputer__n_neighbors': 5, 'lr__C': 0.001, 'lr__penalty': 'l1', 'smote__sampling_strategy': 'not minority'}"
70,70,70,70,70,70,70,70,70,70,70,,,,,,,,,,,,,,,,,,,,,,,,,GBM,"{'imputer': KNNImputer(), 'smote': SMOTE(random_state=42), 'classifier': LGBMClassifier(random_state=42)}",0.807542263,0.181308411,0.941747573,0.304075235,0.871508995,"{'classifier__learning_rate': 0.002, 'classifier__max_depth': 3, 'classifier__n_estimators': 700, 'imputer__n_neighbors': 3, 'smote__sampling_strategy': 'minority'}"
71,71,71,71,71,71,71,71,71,71,71,,,,,,,,,,,,,,,,,,,,,,,,,QDA,"{'imputer': KNNImputer(), 'smote': SMOTE(random_state=42), 'qda': QuadraticDiscriminantAnalysis()}",0.962975317,0.275862069,0.231404959,0.251685393,0.607304399,"{'imputer__n_neighbors': 5, 'qda__reg_param': 0.4923882631706752, 'smote__sampling_strategy': 'minority'}"
72,72,72,72,72,72,72,72,72,72,,,,,,,,,,,,,,,,,,,,,,,,,,LR,"{'imputer': KNNImputer(), 'smote': SMOTE(random_state=42), 'lr': LogisticRegression(class_weight={0: 0.6032599321566148, 1: 2.9210746102449887},
                   max_iter=5000, random_state=42, solver='saga')}",0.622970869,0.262021085,0.661688312,0.375391416,0.638330069,"{'imputer__n_neighbors': 3, 'lr__C': 0.001, 'lr__penalty': 'l1', 'smote__sampling_strategy': 'not minority'}"
73,73,73,73,73,73,73,73,73,73,,,,,,,,,,,,,,,,,,,,,,,,,,GBM,"{'imputer': KNNImputer(), 'smote': SMOTE(random_state=42), 'classifier': LGBMClassifier(class_weight={0: 0.6582293959403277, 1: 2.079984544049459},
               random_state=42)}",0.953619419,0.852201258,0.976576577,0.91015953,0.961461804,"{'classifier__learning_rate': 0.1, 'classifier__max_depth': 20, 'classifier__n_estimators': 100, 'imputer__n_neighbors': 3, 'smote__sampling_strategy': 'minority'}"
74,74,74,74,74,74,74,74,74,,,,,,,,,,,,,,,,,,,,,,,,,,,LR,"{'imputer': KNNImputer(), 'smote': SMOTE(random_state=42), 'lr': LogisticRegression(class_weight={0: 0.6032599321566148, 1: 2.9210746102449887},
                   max_iter=5000, random_state=42, solver='saga')}",0.622970869,0.262021085,0.661688312,0.375391416,0.638330069,"{'imputer__n_neighbors': 3, 'lr__C': 0.001, 'lr__penalty': 'l1', 'smote__sampling_strategy': 'not minority'}"
75,75,75,75,75,75,75,75,75,,,,,,,,,,,,,,,,,,,,,,,,,,,GBM,"{'imputer': KNNImputer(), 'smote': SMOTE(random_state=42), 'classifier': LGBMClassifier(class_weight={0: 0.6582293959403277, 1: 2.079984544049459},
               random_state=42)}",0.953619419,0.852201258,0.976576577,0.91015953,0.961461804,"{'classifier__learning_rate': 0.1, 'classifier__max_depth': 20, 'classifier__n_estimators': 100, 'imputer__n_neighbors': 3, 'smote__sampling_strategy': 'minority'}"
76,76,76,76,76,76,76,76,76,,,,,,,,,,,,,,,,,,,,,,,,,,,GBM,"{'imputer': KNNImputer(), 'smote': SMOTE(random_state=42), 'classifier': LGBMClassifier(class_weight={0: 0.6582293959403277, 1: 2.079984544049459},
               random_state=42)}",0.800173385,0.57704918,0.634234234,0.604291845,0.74348698,"{'classifier__learning_rate': 0.1, 'classifier__max_depth': 20, 'classifier__n_estimators': 100, 'imputer__n_neighbors': 3, 'smote__sampling_strategy': 'minority'}"
77,77,77,77,77,77,77,77,,,,,,,,,,,,,,,,,,,,,,,,,,,,LR_ada,"{'imputer': KNNImputer(), 'ada': ADASYN(), 'lr': LogisticRegression(class_weight={0: 0.5138093139415307, 1: 18.60372340425532},
                   max_iter=5000, random_state=42, solver='saga')}",0.027796309,0.026930781,1,0.052449068,0.500457038,"{'imputer__n_neighbors': 3, 'lr__C': 0.01, 'lr__penalty': 'l2'}"
78,78,78,78,78,78,78,78,,,,,,,,,,,,,,,,,,,,,,,,,,,,LR_ada,"{'imputer': KNNImputer(), 'smote': SMOTE(random_state=42), 'lr': LogisticRegression(class_weight={0: 0.5138093139415307, 1: 18.60372340425532},
                   max_iter=5000, random_state=42, solver='saga')}",0.38614632,0.032914528,0.768595041,0.063125742,0.57208317,"{'imputer__n_neighbors': 7, 'lr__C': 1, 'lr__penalty': 'l1', 'smote__sampling_strategy': 'not minority'}"
79,79,79,79,79,79,79,79,,,,,,,,,,,,,,,,,,,,,,,,,,,,GBM_ada,"{'imputer': KNNImputer(), 'ada': ADASYN(), 'classifier': LGBMClassifier(random_state=42)}",0.893801474,0.188596491,0.417475728,0.259818731,0.666768717,"{'classifier__learning_rate': 0.01, 'classifier__max_depth': 3, 'classifier__n_estimators': 500, 'imputer__n_neighbors': 7}"
80,80,80,80,80,80,80,80,,,,,,,,,,,,,,,,,,,,,,,,,,,,GBM_smote,"{'imputer': KNNImputer(), 'smote': SMOTE(random_state=42), 'classifier': LGBMClassifier(random_state=42)}",0.891200694,0.196721311,0.466019417,0.276657061,0.688545099,"{'classifier__learning_rate': 0.01, 'classifier__max_depth': 3, 'classifier__n_estimators': 500, 'imputer__n_neighbors': 3, 'smote__sampling_strategy': 'minority'}"
81,81,81,81,81,81,81,81,,,,,,,,,,,,,,,,,,,,,,,,,,,,QDA_ada,"{'imputer': KNNImputer(), 'ada': ADASYN(), 'qda': QuadraticDiscriminantAnalysis()}",0.946186346,0.096666667,0.119834711,0.10701107,0.54443518,"{'imputer__n_neighbors': 5, 'qda__reg_param': 6.614740641230159e-32}"
82,82,82,82,82,82,82,,,,,,,,,,,,,,,,,,,,,,,,,,,,,QDA_smote,"{'imputer': KNNImputer(), 'smote': SMOTE(random_state=42), 'qda': QuadraticDiscriminantAnalysis()}",0.959528575,0.237068966,0.227272727,0.232067511,0.603524389,"{'imputer__n_neighbors': 5, 'qda__reg_param': 0.4923882631706752, 'smote__sampling_strategy': 'minority'}"
83,83,83,83,83,83,,,,,,,,,,,,,,,,,,,,,,,,,,,,,,LR_smote,"{'imputer': KNNImputer(), 'smote': SMOTE(random_state=42), 'lr': LogisticRegression(class_weight={0: 0.5138093139415307, 1: 18.60372340425532},
                   max_iter=5000, random_state=42, solver='saga')}",0.042139204,0.027323021,1,0.053192659,0.507826782,"{'imputer__n_neighbors': 3, 'lr__C': 0.001, 'lr__penalty': 'l2', 'smote__sampling_strategy': 'minority'}"
84,84,84,84,84,,,,,,,,,,,,,,,,,,,,,,,,,,,,,,,LR_smote,"{'imputer': KNNImputer(), 'smote': SMOTE(random_state=42), 'lr': LogisticRegression(class_weight={0: 0.5138093139415307, 1: 18.60372340425532},
                   max_iter=5000, random_state=42, solver='saga')}",0.042139204,0.027323021,1,0.053192659,0.507826782,"{'imputer__n_neighbors': 3, 'lr__C': 0.001, 'lr__penalty': 'l2', 'smote__sampling_strategy': 'minority'}"
85,85,85,85,,,,,,,,,,,,,,,,,,,,,,,,,,,,,,,,LR_SMOTE,"{'imputer': KNNImputer(), 'smote': SMOTE(random_state=42, sampling_strategy='minority'), 'lr': LogisticRegression(class_weight={0: 0.5138093139415307, 1: 18.60372340425532},
                   max_iter=5000, random_state=42, solver='saga')}",0.058261063,0.027669346,0.995867769,0.053842717,0.514101617,"{'imputer__n_neighbors': 5, 'lr__C': 1, 'lr__penalty': 'l1'}"
86,86,86,86,,,,,,,,,,,,,,,,,,,,,,,,,,,,,,,,LR_ADA,"{'imputer': KNNImputer(), 'ada': ADASYN(), 'lr': LogisticRegression(class_weight={0: 0.5138093139415307, 1: 18.60372340425532},
                   max_iter=5000, random_state=42, solver='saga')}",0.033577941,0.027087531,1,0.052746295,0.503427788,"{'imputer__n_neighbors': 3, 'lr__C': 0.001, 'lr__penalty': 'l1'}"
87,87,87,87,,,,,,,,,,,,,,,,,,,,,,,,,,,,,,,,GBM_SMOTE,"{'imputer': KNNImputer(), 'smote': SMOTE(random_state=42, sampling_strategy='minority'), 'classifier': LGBMClassifier(class_weight={0: 0.5234344612991054, 1: 11.16804979253112},
               random_state=42)}",0.917641959,0.25698324,0.446601942,0.326241135,0.693128557,"{'classifier__boosting_type': 'dart', 'classifier__learning_rate': 0.1, 'classifier__max_depth': 10, 'classifier__n_estimators': 500, 'classifier__num_leaves': 20, 'imputer__n_neighbors': 3}"
88,88,88,88,,,,,,,,,,,,,,,,,,,,,,,,,,,,,,,,GBM_ADASYN,"{'imputer': KNNImputer(), 'ada': ADASYN(), 'classifier': LGBMClassifier(class_weight={0: 0.5234344612991054, 1: 11.16804979253112},
               random_state=42)}",0.917641959,0.24260355,0.398058252,0.301470588,0.669991014,"{'classifier__boosting_type': 'dart', 'classifier__learning_rate': 0.1, 'classifier__max_depth': 10, 'classifier__n_estimators': 500, 'classifier__num_leaves': 20, 'imputer__n_neighbors': 7}"
89,89,89,89,,,,,,,,,,,,,,,,,,,,,,,,,,,,,,,,QDA,"{'imputer': KNNImputer(), 'smote': SMOTE(random_state=42, sampling_strategy='minority'), 'qda': QuadraticDiscriminantAnalysis()}",0.967311541,0.316901408,0.185950413,0.234375,0.587433616,"{'imputer__n_neighbors': 3, 'qda__reg_param': 0.6723357536499335}"
90,90,90,,,,,,,,,,,,,,,,,,,,,,,,,,,,,,,,,QDA_ADASYN,"{'imputer': KNNImputer(), 'ada': ADASYN(), 'qda': QuadraticDiscriminantAnalysis()}",0.967533911,0.323943662,0.190082645,0.239583333,0.589556862,"{'imputer__n_neighbors': 3, 'qda__reg_param': 0.6723357536499335}"
91,91,,,,,,,,,,,,,,,,,,,,,,,,,,,,,,,,,,LR_SMOTE,"{'imputer': KNNImputer(), 'smote': SMOTE(random_state=42, sampling_strategy='minority'), 'lr': LogisticRegression(class_weight={0: 0.5138093139415307, 1: 18.60372340425532},
                   max_iter=5000, random_state=42, solver='saga')}",0.039915499,0.02715493,0.995867769,0.052868268,0.504675201,"{'imputer__n_neighbors': 3, 'lr__C': 10, 'lr__penalty': 'l1'}"
92,92,,,,,,,,,,,,,,,,,,,,,,,,,,,,,,,,,,LR_ADA,"{'imputer': KNNImputer(), 'ada': ADASYN(), 'lr': LogisticRegression(class_weight={0: 0.5138093139415307, 1: 18.60372340425532},
                   max_iter=5000, random_state=42, solver='saga')}",0.032799644,0.02696051,0.995867769,0.052499728,0.501018893,"{'imputer__n_neighbors': 7, 'lr__C': 1, 'lr__penalty': 'l1'}"
93,93,,,,,,,,,,,,,,,,,,,,,,,,,,,,,,,,,,GBM_SMOTE,"{'imputer': KNNImputer(), 'smote': SMOTE(random_state=42, sampling_strategy='minority'), 'classifier': LGBMClassifier(class_weight={0: 0.5234344612991054, 1: 11.16804979253112},
               random_state=42)}",0.910706545,0.230366492,0.427184466,0.299319728,0.680243776,"{'classifier__boosting_type': 'gbdt', 'classifier__learning_rate': 0.01, 'classifier__max_depth': 10, 'classifier__n_estimators': 700, 'classifier__num_leaves': 31, 'imputer__n_neighbors': 3}"
94,94,,,,,,,,,,,,,,,,,,,,,,,,,,,,,,,,,,GBM_ADASYN,"{'imputer': KNNImputer(), 'ada': ADASYN(), 'classifier': LGBMClassifier(class_weight={0: 0.5234344612991054, 1: 11.16804979253112},
               random_state=42)}",0.894668401,0.192982456,0.427184466,0.265861027,0.671849946,"{'classifier__boosting_type': 'gbdt', 'classifier__learning_rate': 0.01, 'classifier__max_depth': 10, 'classifier__n_estimators': 500, 'classifier__num_leaves': 40, 'imputer__n_neighbors': 7}"
95,95,,,,,,,,,,,,,,,,,,,,,,,,,,,,,,,,,,QDA_SMOTE,"{'imputer': KNNImputer(), 'smote': SMOTE(random_state=42, sampling_strategy='minority'), 'qda': QuadraticDiscriminantAnalysis()}",0.967422726,0.252427184,0.107438017,0.150724638,0.549320014,"{'imputer__n_neighbors': 3, 'qda__reg_param': 0.6723357536499335}"
96,,,,,,,,,,,,,,,,,,,,,,,,,,,,,,,,,,,QDA_ADASYN,"{'imputer': KNNImputer(), 'ada': ADASYN(), 'qda': QuadraticDiscriminantAnalysis()}",0.966977985,0.233009709,0.099173554,0.139130435,0.545073523,"{'imputer__n_neighbors': 3, 'qda__reg_param': 0.6723357536499335}"